{
    "Profile": "Egotist",
    "IDRange": [
        12,
        13
    ],
    "Egotism": [
        0.7817970022929946,
        0.7220411791339285,
        0.8756257218074197
    ],
    "Susceptibility": [
        0.05536013881827562,
        0.18377546194923972,
        0.06829903243914837
    ],
    "Idealism": [
        0.16284285888872974,
        0.09418335891683172,
        0.056075245753431924
    ]
}