{
    "Profile": "NotSusceptible",
    "IDRange": [
        22,
        23
    ],
    "Egotism": [
        0.4946060674427477,
        0.6923170508310399,
        0.5261820407105082
    ],
    "Susceptibility": [
        0.0,
        0.0,
        0.0
    ],
    "Idealism": [
        0.5053939325572523,
        0.30768294916896005,
        0.47381795928949183
    ]
}