{
    "Profile": "Idealist",
    "IDRange": [
        14,
        15
    ],
    "Egotism": [
        0.16736082177568246,
        0.18333009463708705,
        0.14491149276288684
    ],
    "Susceptibility": [
        0.1956635856065621,
        0.2967202026788067,
        0.13650301875478196
    ],
    "Idealism": [
        0.6369755926177555,
        0.5199497026841062,
        0.7185854884823312
    ]
}