{
    "Profile": "NotEgotist",
    "IDRange": [
        20,
        21
    ],
    "Egotism": [
        0.0,
        0.0,
        0.0
    ],
    "Susceptibility": [
        0.5074366251768344,
        0.3704576843675855,
        0.5783471810162097
    ],
    "Idealism": [
        0.4925633748231656,
        0.6295423156324145,
        0.42165281898379026
    ]
}