{
    "Profile": "NotIdealist",
    "IDRange": [
        18,
        19
    ],
    "Egotism": [
        0.6814962187229464,
        0.4452304127769676,
        0.3039122858919614
    ],
    "Susceptibility": [
        0.3185037812770536,
        0.5547695872230324,
        0.6960877141080386
    ],
    "Idealism": [
        0.0,
        0.0,
        0.0
    ]
}