{
    "Profile": "Susceptible",
    "IDRange": [
        16,
        17
    ],
    "Egotism": [
        0.16107562736734313,
        0.052944124975462414,
        0.07753376648868124
    ],
    "Susceptibility": [
        0.5932849757321998,
        0.7842233115831789,
        0.8435042949416418
    ],
    "Idealism": [
        0.24563939690045702,
        0.16283256344135866,
        0.07896193856967695
    ]
}