{
    "Profile": "Balanced",
    "IDRange": [
        0,
        1,
        2,
        3,
        4,
        5,
        6,
        7,
        8,
        9,
        10,
        11
    ],
    "Egotism": [
        0.3563454930740574,
        0.29395617435619065,
        0.30997658118055277,
        0.3134254524440536,
        0.34247822226912683,
        0.3001191410064015,
        0.35569266702969876,
        0.285705201163793,
        0.3645685798709661,
        0.26182582954749084,
        0.33671736652102424,
        0.3256693813172036,
        0.3382564933471466
    ],
    "Susceptibility": [
        0.33113935338878914,
        0.3657520084373712,
        0.2682408261054364,
        0.36754318494528604,
        0.3512281870324694,
        0.254765044040711,
        0.34775405790729075,
        0.353074523063104,
        0.2924713095852669,
        0.3192067752157005,
        0.3684386678014039,
        0.35494795676496077,
        0.2759800933711672
    ],
    "Idealism": [
        0.3125151535371534,
        0.34029181720643814,
        0.4217825927140108,
        0.31903136261066034,
        0.3062935906984038,
        0.4451158149528875,
        0.2965532750630105,
        0.36122027577310295,
        0.342960110543767,
        0.41896739523680865,
        0.2948439656775719,
        0.3193826619178357,
        0.3857634132816863
    ]
}